{
  "version": 1,
  "author": "Arfan Romadhani",
  "editor": "wokwi",
  "parts": [
    { "type": "board-esp32-devkit-c-v4", "id": "esp", "top": 0, "left": 0, "attrs": {} },
    { "type": "wokwi-led", "id": "led1", "top": 34.8, "left": -92.2, "attrs": { "color": "red" } },
    {
      "type": "wokwi-led",
      "id": "led2",
      "top": 34.8,
      "left": -140.2,
      "attrs": { "color": "blue" }
    }
  ],
  "connections": [
    [ "esp:TX", "$serialMonitor:RX", "", [] ],
    [ "esp:RX", "$serialMonitor:TX", "", [] ],
    [ "led1:A", "esp:26", "green", [ "v38.4", "h76.8" ] ],
    [ "led1:C", "esp:GND.1", "green", [ "v76.8", "h86.8" ] ],
    [ "led2:A", "esp:33", "green", [ "v19.2", "h115.2" ] ],
    [ "led2:C", "esp:GND.1", "green", [ "v76.8", "h134.8" ] ]
  ],
  "dependencies": {}
}