{
    "version": 1,
    "author": "Arfan Romadhani",
    "editor": "wokwi",
    "parts": [
      { "type": "board-esp32-devkit-c-v4", "id": "esp", "top": 9.6, "left": -81.56, "attrs": {} },
      { "type": "wokwi-hc-sr04", "id": "ultrasonic1", "top": -8.1, "left": 63.1, "attrs": {} }
    ],
    "connections": [
      [ "esp:TX", "$serialMonitor:RX", "", [] ],
      [ "esp:RX", "$serialMonitor:TX", "", [] ],
      [ "ultrasonic1:VCC", "esp:3V3", "red", [ "v163.2", "h-240", "v-211.2" ] ],
      [ "ultrasonic1:GND", "esp:GND.2", "black", [ "v28.8", "h-116.4", "v-76.8" ] ],
      [ "ultrasonic1:TRIG", "esp:5", "green", [ "v38.4", "h-125.2" ] ],
      [ "ultrasonic1:ECHO", "esp:18", "green", [ "v9.6", "h-116", "v19.2" ] ]
    ],
    "dependencies": {}
  }