{
    "version": 1,
    "author": "Arfan Romadhani",
    "editor": "wokwi",
    "parts": [
      { "type": "board-esp32-devkit-c-v4", "id": "esp", "top": 0, "left": 0, "attrs": {} },
      {
        "type": "wokwi-led",
        "id": "led1",
        "top": -22.8,
        "left": -53.8,
        "attrs": { "color": "green" }
      },
      {
        "type": "wokwi-led",
        "id": "led2",
        "top": 6,
        "left": -101.8,
        "attrs": { "color": "yellow" }
      },
      {
        "type": "wokwi-led",
        "id": "led3",
        "top": 44.4,
        "left": -149.8,
        "attrs": { "color": "red" }
      }
    ],
    "connections": [
      [ "esp:TX", "$serialMonitor:RX", "", [] ],
      [ "esp:RX", "$serialMonitor:TX", "", [] ],
      [ "led1:A", "esp:25", "green", [ "v86.4", "h28.8" ] ],
      [ "led1:C", "esp:GND.1", "green", [ "v134.4", "h48.4" ] ],
      [ "led2:A", "esp:26", "green", [ "v67.2", "h76.8" ] ],
      [ "led2:C", "esp:GND.1", "green", [ "v105.6", "h96.4" ] ],
      [ "led3:A", "esp:33", "green", [ "v9.6", "h124.8" ] ],
      [ "led3:C", "esp:GND.1", "green", [ "v67.2", "h144.4" ] ]
    ],
    "dependencies": {}
  }