{
    "version": 1,
    "author": "Arfan Romadhani",
    "editor": "wokwi",
    "parts": [
      { "type": "board-esp32-devkit-c-v4", "id": "esp", "top": 19.2, "left": -52.76, "attrs": {} },
      {
        "type": "wokwi-pushbutton",
        "id": "btn1",
        "top": 92.6,
        "left": 115.2,
        "attrs": { "color": "green", "xray": "1" }
      },
      { "type": "wokwi-relay-module", "id": "relay1", "top": -57.4, "left": 105.6, "attrs": {} },
      { "type": "wokwi-led", "id": "led1", "top": 150, "left": 90.2, "attrs": { "color": "red" } }
    ],
    "connections": [
      [ "esp:TX", "$serialMonitor:RX", "", [] ],
      [ "esp:RX", "$serialMonitor:TX", "", [] ],
      [ "relay1:VCC", "esp:3V3", "red", [ "h-153.6", "v86.4" ] ],
      [ "relay1:GND", "esp:GND.2", "black", [ "h-57.6", "v76.4" ] ],
      [ "relay1:IN", "esp:23", "green", [ "h-28.8", "v76.6" ] ],
      [ "btn1:2.l", "esp:GND.2", "green", [ "h-19.2", "v-76.6" ] ],
      [ "btn1:1.l", "esp:19", "green", [ "v9.6", "h-67.2" ] ],
      [ "led1:C", "esp:GND.2", "green", [ "h-18.8", "v-144" ] ],
      [ "led1:A", "esp:18", "green", [ "v19.2", "h-48", "v-86.4" ] ]
    ],
    "dependencies": {}
  }